,gas,temperature,humidity
mean,574.8,16.317999999999998,62.545
std,71.22485234689317,1.721258438539924,0.14577379737113252
min,511.0,11.0,62.3
max,700.0,17.4,62.79
